{
  "Default": {
    "name": "Default",
    "isActive": true,
    "recipes": [
      {
        "speed": 1,
        "name": "Default",
        "heat": 100.0,
        "outputs": [
          {
            "Chance": -1,
            "Type": "Fluid",
            "Item": "steam",
            "Amount": 80
          }
        ],
        "inputs": [
          {
            "Chance": -1,
            "Type": "Fluid",
            "Item": "water",
            "Amount": 15
          }
        ],
        "category": "Boiler",
        "removeHeat": 0.0,
        "isActive": true,
        "RecipeName": "Default",
        "RecipeCategory": "Boiler"
      }
    ]
  }
}